,City,Country,Lat,Lng,Max Temp,Humidity,Cloudiness,Wind Speed,Current Description
0,Rio Grande,BR,-32.035,-52.0986,70.0,95,100,8.32,light rain
1,Rikitea,PF,-23.1203,-134.9692,78.73,73,14,18.19,light rain
2,Punta Arenas,CL,-53.15,-70.9167,48.2,71,75,8.05,broken clouds
3,Vangaindrano,MG,-23.35,47.6,71.24,95,27,3.42,scattered clouds
4,Varadero,CU,23.1536,-81.2514,77.0,61,20,12.66,few clouds
5,Port Alfred,ZA,-33.5906,26.891,68.52,84,83,21.85,broken clouds
6,Ushuaia,AR,-54.8,-68.3,48.2,66,75,5.64,broken clouds
7,Bambous Virieux,MU,-20.3428,57.7575,75.99,88,20,6.91,few clouds
8,Vilyuysk,RU,63.7553,121.6247,17.71,92,78,7.74,broken clouds
9,Puerto Ayora,EC,-0.7393,-90.3518,79.0,86,49,5.01,scattered clouds
10,Mataura,NZ,-46.1927,168.8643,64.99,70,100,5.99,light rain
11,Isangel,VU,-19.55,169.2667,84.2,79,75,4.61,broken clouds
12,Mahabad,IR,36.7631,45.7222,38.28,89,27,12.01,scattered clouds
13,Leh,IN,34.1667,77.5833,35.62,50,96,4.85,overcast clouds
14,Albany,US,42.6001,-73.9662,48.99,78,100,5.01,overcast clouds
15,Macroom,IE,51.9,-8.95,37.0,87,75,11.5,broken clouds
16,Odweyne,SO,9.4092,45.064,66.4,42,41,7.49,scattered clouds
17,Jamestown,US,42.097,-79.2353,43.0,93,90,9.31,overcast clouds
18,Lubango,AO,-14.9172,13.4925,59.83,92,100,1.88,overcast clouds
19,Avera,US,33.194,-82.5271,66.99,94,90,4.63,fog
20,New Norfolk,AU,-42.7826,147.0587,61.0,85,100,7.0,overcast clouds
21,Kapaa,US,22.0752,-159.319,80.01,78,75,9.22,broken clouds
22,Salta,AR,-24.7859,-65.4117,62.6,94,75,8.05,drizzle
23,Samarai,PG,-10.6167,150.6667,84.47,74,69,11.83,broken clouds
24,Vaini,TO,-21.2,-175.2,84.2,79,40,10.36,scattered clouds
25,Kloulklubed,PW,7.0419,134.2556,81.41,83,100,23.13,heavy intensity rain
26,Pathalgaon,IN,22.5667,83.4667,69.3,14,0,5.35,clear sky
27,Longyearbyen,SJ,78.2186,15.6401,17.6,73,20,25.32,snow
28,Cape Town,ZA,-33.9258,18.4232,62.6,94,75,2.3,light rain
29,Pa Sang,TH,18.5262,98.9394,79.0,78,36,1.14,scattered clouds
30,Iqaluit,CA,63.7506,-68.5145,-16.6,63,20,6.91,few clouds
31,Chokurdakh,RU,70.6333,147.9167,-13.14,94,57,6.04,broken clouds
32,Khani,GE,41.9563,42.9566,41.0,87,90,5.75,overcast clouds
33,Clyde River,CA,70.4692,-68.5914,-14.8,70,1,3.44,clear sky
34,Saint-Philippe,RE,-21.3585,55.7679,77.0,73,11,5.75,few clouds
35,Lebu,CL,-37.6167,-73.65,55.51,77,62,19.82,broken clouds
36,Sinjar,IQ,36.3209,41.8754,44.58,76,9,12.88,clear sky
37,Vila Franca Do Campo,PT,37.7167,-25.4333,55.4,76,20,8.05,few clouds
38,Atuona,PF,-9.8,-139.0333,80.8,76,38,18.3,scattered clouds
39,Porto Walter,BR,-8.2686,-72.7439,73.27,93,77,2.1,broken clouds
40,Camana,PE,-16.6228,-72.7111,70.75,80,53,5.79,broken clouds
41,Thompson,CA,55.7435,-97.8558,23.0,80,90,9.22,snow
42,Mount Isa,AU,-20.7333,139.5,89.6,22,5,13.8,clear sky
43,Sitangkai,PH,4.6628,119.3928,81.1,77,71,2.64,broken clouds
44,Narsaq,GL,60.9167,-46.05,5.0,51,20,9.22,few clouds
45,Aktas,KZ,49.7789,72.9608,33.8,93,90,20.13,overcast clouds
46,Hualmay,PE,-11.0964,-77.6139,69.89,82,72,6.49,broken clouds
47,Hilo,US,19.7297,-155.09,80.6,54,75,11.5,broken clouds
48,Maraa,BR,-1.8333,-65.3667,74.03,97,95,2.57,overcast clouds
49,Tommot,RU,58.9564,126.2925,31.17,93,100,1.52,overcast clouds
50,Roma,US,43.2128,-75.4557,43.0,87,90,17.27,overcast clouds
51,Cabo San Lucas,MX,22.8909,-109.9124,72.0,52,40,11.5,scattered clouds
52,San Quintin,MX,30.4833,-115.95,57.16,64,6,14.14,clear sky
53,Sompeta,IN,18.9333,84.6,79.16,54,10,3.04,clear sky
54,Victoria,HK,22.2855,114.1577,73.99,85,100,3.0,overcast clouds
55,Tigil,RU,57.8,158.6667,17.06,85,74,5.37,broken clouds
56,Kattivakkam,IN,13.2167,80.3167,77.0,94,20,3.44,mist
57,Bredasdorp,ZA,-34.5322,20.0403,64.4,77,100,9.22,light rain
58,Mar Del Plata,AR,-38.0023,-57.5575,64.99,88,75,27.63,mist
59,Qingdao,CN,36.0986,120.3719,52.0,93,90,8.95,light rain
60,Fortuna,US,40.5982,-124.1573,55.99,76,1,14.97,clear sky
61,Gizo,SB,-8.103,156.8419,85.73,66,60,6.02,broken clouds
62,Leningradskiy,RU,69.3833,178.4167,-11.45,91,36,5.17,scattered clouds
63,Beri,IN,25.9031,79.8902,74.17,22,0,1.39,clear sky
64,Joensuu,FI,62.6012,29.7632,30.0,100,90,9.22,fog
65,Georgetown,MY,5.4112,100.3354,80.6,100,20,3.44,mist
66,Saldanha,ZA,-33.0117,17.9442,62.6,88,91,2.3,light rain
67,Sinnamary,GF,5.3833,-52.95,77.45,83,52,10.29,broken clouds
68,Hobart,AU,-42.8794,147.3294,61.0,67,75,9.22,broken clouds
69,Torbay,CA,47.6666,-52.7314,43.0,100,90,14.97,light rain
70,Ribeira Grande,PT,38.5167,-28.7,57.83,61,92,5.46,overcast clouds
71,Honiara,SB,-9.4333,159.95,88.34,63,80,9.37,broken clouds
72,Trincomalee,LK,8.5711,81.2335,81.68,80,95,7.02,overcast clouds
73,Bemidji,US,47.4736,-94.8803,43.0,61,90,11.5,overcast clouds
74,Kruisfontein,ZA,-34.0033,24.7314,64.0,70,1,1.99,clear sky
75,Arlit,NE,18.7369,7.3853,64.67,14,0,9.33,clear sky
76,Rocha,UY,-34.4833,-54.3333,67.77,96,89,4.05,overcast clouds
77,Kaputa,ZM,-8.4689,29.6619,65.37,90,60,2.91,broken clouds
78,Saskylakh,RU,71.9167,114.0833,2.57,97,90,3.65,overcast clouds
79,Westport,US,41.1415,-73.3579,68.0,40,1,26.46,haze
80,Half Moon Bay,US,37.4636,-122.4286,71.6,51,1,12.66,clear sky
81,Thinadhoo,MV,0.5333,72.9333,81.59,73,23,7.76,few clouds
82,Tokur,RU,53.1333,132.9,24.84,71,100,2.82,overcast clouds
83,Katobu,ID,-4.9408,122.5276,80.47,85,98,1.97,moderate rain
84,Chuy,UY,-33.6971,-53.4616,68.76,94,100,3.0,overcast clouds
85,Riohacha,CO,11.5444,-72.9072,80.1,66,0,16.75,clear sky
86,Hovd,MN,48.0056,91.6419,23.85,37,100,1.99,overcast clouds
87,Kavieng,PG,-2.5744,150.7967,83.5,74,82,12.59,light rain
88,Busselton,AU,-33.65,115.3333,63.0,78,66,4.52,broken clouds
89,Pacific Grove,US,36.6177,-121.9166,64.4,48,1,9.22,clear sky
90,Qaanaaq,GL,77.484,-69.3632,-9.54,67,100,5.01,overcast clouds
91,Khatanga,RU,71.9667,102.5,-3.23,91,99,2.46,overcast clouds
92,Carnarvon,AU,-24.8667,113.6333,77.0,65,100,12.66,overcast clouds
93,Tiksi,RU,71.6872,128.8694,12.45,89,100,6.8,overcast clouds
94,Tuktoyaktuk,CA,69.4541,-133.0374,-7.6,71,40,8.05,scattered clouds
95,Hermanus,ZA,-34.4187,19.2345,62.01,94,100,1.99,light rain
96,Rio Gallegos,AR,-51.6226,-69.2181,46.4,81,0,3.44,clear sky
97,Acarau,BR,-2.8856,-40.12,76.12,88,95,9.1,overcast clouds
98,Mandera,KE,3.9366,41.867,76.8,61,7,14.2,clear sky
99,Boende,CD,-0.2167,20.8667,68.4,99,100,1.14,overcast clouds
100,Dikson,RU,73.5069,80.5464,-7.04,100,100,10.49,overcast clouds
101,Avarua,CK,-21.2078,-159.775,84.2,65,20,10.36,few clouds
102,Lata,PT,40.1629,-8.3327,53.01,91,2,4.18,clear sky
103,Lompoc,US,34.6391,-120.4579,57.2,72,20,14.97,few clouds
104,Palmer,US,42.1584,-72.3287,66.2,45,75,26.46,broken clouds
105,Bubaque,GW,11.2833,-15.8333,76.68,73,0,14.45,clear sky
106,Inzer,RU,54.2167,57.5556,26.91,97,100,2.33,overcast clouds
107,Floro,NO,61.5996,5.0328,41.0,81,75,13.8,broken clouds
108,Mandalgovi,MN,45.7625,106.2708,33.49,24,0,29.06,clear sky
109,Strezhevoy,RU,60.7333,77.5889,28.4,86,0,4.47,light snow
110,Richards Bay,ZA,-28.783,32.0377,67.08,90,91,4.38,overcast clouds
111,Mehamn,NO,71.0357,27.8492,32.74,80,100,18.3,overcast clouds
112,Yerbogachen,RU,61.2767,108.0108,14.18,91,37,6.89,scattered clouds
113,Saint-Georges,GD,12.0564,-61.7485,78.8,78,20,13.8,few clouds
114,Tasiilaq,GL,65.6145,-37.6368,6.8,47,75,9.22,broken clouds
115,Boljevac,RS,43.8303,21.9531,37.0,46,3,3.29,clear sky
116,Nikolskoye,RU,59.7035,30.7861,34.0,93,75,2.24,mist
117,Wewak,PG,-3.5534,143.6268,84.76,68,100,3.22,overcast clouds
118,Mulchen,CL,-37.7167,-72.2333,62.94,39,0,8.75,clear sky
119,Bathsheba,BB,13.2167,-59.5167,77.0,65,40,21.85,scattered clouds
120,Souillac,MU,-20.5167,57.5167,75.2,88,20,6.91,few clouds
121,Ca Mau,VN,9.1769,105.15,85.28,63,37,12.01,scattered clouds
122,Severo-Kurilsk,RU,50.6789,156.125,26.11,93,100,24.05,snow
123,Ancud,CL,-41.8697,-73.8203,54.0,82,0,4.61,clear sky
124,Saint-Michel-Des-Saints,CA,46.6834,-73.9159,30.99,95,100,11.72,snow
125,Unai,BR,-16.3575,-46.9061,70.14,64,100,1.7,overcast clouds
126,Bekhteyevka,RU,50.8072,37.2085,33.8,80,0,6.71,clear sky
127,Gornopravdinsk,RU,60.05,69.9,30.6,99,100,2.89,overcast clouds
128,Te Anau,NZ,-45.4167,167.7167,64.6,56,100,3.78,heavy intensity rain
129,Flinders,AU,-34.5833,150.8552,77.0,53,74,4.0,broken clouds
130,Werda,BW,-25.2667,23.2833,70.14,34,24,7.34,few clouds
131,San Fernando,PH,15.0286,120.6898,82.4,69,75,2.3,broken clouds
132,Provideniya,RU,64.3833,-173.3,8.11,88,100,11.63,overcast clouds
133,Jawhar,SO,2.7809,45.5005,76.12,73,34,10.0,scattered clouds
134,Trinidad,BO,-14.8333,-64.9,74.41,96,12,2.71,few clouds
135,Gamboma,CG,-1.8764,15.8644,70.79,92,100,1.7,overcast clouds
136,Port Blair,IN,11.6667,92.75,83.7,70,99,9.15,overcast clouds
137,Cherskiy,RU,68.75,161.3,-3.24,87,93,10.11,overcast clouds
138,Castro,BR,-24.7911,-50.0119,65.08,90,38,0.96,scattered clouds
139,East London,ZA,-33.0153,27.9116,69.31,80,62,17.29,broken clouds
140,Arraial Do Cabo,BR,-22.9661,-42.0278,78.8,83,0,6.91,clear sky
141,Chato,TZ,-2.6378,31.7669,64.96,89,100,7.18,overcast clouds
142,Kaitangata,NZ,-46.2817,169.8464,63.0,79,100,3.0,light rain
143,Ahipara,NZ,-35.1667,173.1667,69.84,73,100,15.55,overcast clouds
144,Yellowknife,CA,62.456,-114.3525,12.0,66,20,11.5,few clouds
145,Kampene,CD,-3.6,26.6667,66.47,97,100,1.68,overcast clouds
146,Saurimo,AO,-9.6608,20.3916,64.0,99,100,2.44,light rain
147,Whitecourt,CA,54.1502,-115.6855,35.6,44,40,11.5,scattered clouds
148,Manaure,CO,11.7751,-72.4445,79.18,72,0,21.3,clear sky
149,Dehloran,IR,32.6941,47.2679,67.05,20,18,1.19,few clouds
150,Sitka,US,57.0531,-135.33,42.8,81,90,3.44,light snow
151,Nanortalik,GL,60.1432,-45.2371,6.75,70,7,24.2,clear sky
152,Hasaki,JP,35.7333,140.8333,60.01,54,75,5.75,broken clouds
153,Muros,ES,42.7762,-9.0603,43.0,92,0,9.51,clear sky
154,Esperance,AU,-33.8667,121.9,62.6,72,0,17.27,clear sky
155,Usinsk,RU,65.9939,57.5281,10.81,93,46,10.67,scattered clouds
156,Nantucket,US,41.2835,-70.0995,48.99,81,1,20.71,clear sky
157,Mahebourg,MU,-20.4081,57.7,75.2,88,20,6.91,few clouds
158,Mongagua,BR,-24.0931,-46.6208,82.0,26,3,4.27,clear sky
159,Beian,NO,63.6559,9.5683,42.8,81,90,16.11,light rain
160,Butaritari,KI,3.0707,172.7902,81.68,76,13,11.7,few clouds
161,Buraydah,SA,26.326,43.975,69.8,37,1,13.8,clear sky
162,Husavik,IS,66.0449,-17.3389,17.6,62,90,6.91,light snow
163,Verkhnevilyuysk,RU,63.4453,120.3167,18.23,91,83,7.52,broken clouds
164,Vrede,ZA,-27.4257,29.1659,47.37,88,0,4.36,clear sky
165,Kodiak,US,57.79,-152.4072,37.4,44,20,8.05,few clouds
166,Ayan,RU,56.45,138.1667,13.33,88,83,4.81,broken clouds
167,Soke,ML,13.598,-5.9386,79.03,6,38,9.84,scattered clouds
168,Tual,ID,-5.6667,132.75,83.61,71,69,4.38,broken clouds
169,Yerofey Pavlovich,RU,53.9667,121.9667,28.31,83,100,7.78,overcast clouds
170,Bilibino,RU,68.0546,166.4372,-8.01,87,88,2.06,overcast clouds
171,Lazaro Cardenas,MX,17.9583,-102.2,75.0,65,5,6.4,clear sky
172,Srednekolymsk,RU,67.45,153.6833,1.62,77,18,4.85,few clouds
173,Bay-Khaak,RU,51.1667,94.5,12.07,78,2,2.48,clear sky
174,Ponta Do Sol,PT,32.6667,-17.1,61.0,64,42,1.99,scattered clouds
175,Laguna De Perlas,NI,12.3429,-83.6712,77.5,83,11,11.5,few clouds
176,Celestun,MX,20.8667,-90.4,78.48,81,6,11.12,clear sky
177,Yulara,AU,-25.2406,130.9889,78.8,53,40,6.91,scattered clouds
178,Marawi,PH,7.9986,124.2928,82.0,72,100,5.01,overcast clouds
179,Hay River,CA,60.8156,-115.7999,19.4,49,14,4.61,few clouds
180,Kuvshinovo,RU,57.0295,34.1725,32.38,98,99,2.95,light snow
181,Itoman,JP,26.1247,127.6694,75.2,69,20,18.41,few clouds
182,Yumbel,CL,-37.0833,-72.5667,60.8,67,0,12.66,clear sky
183,Sopelana,ES,43.3789,-2.9831,51.01,93,75,2.3,broken clouds
184,Karachi,PK,24.9056,67.0822,73.4,64,3,5.75,clear sky
185,Geraldton,AU,-28.7667,114.6,69.8,60,0,14.97,clear sky
186,San Patricio,US,28.017,-97.5169,73.4,78,90,13.8,overcast clouds
187,Bluff,NZ,-46.6,168.3333,64.99,70,100,5.99,moderate rain
188,San Lawrenz,MT,36.0553,14.204,54.0,87,0,1.14,clear sky
189,Jurm,AF,36.8648,70.8342,49.28,67,100,6.38,overcast clouds
190,Namibe,AO,-15.1961,12.1522,73.24,83,66,7.29,broken clouds
191,Biak,ID,-0.9131,122.8766,77.45,85,100,4.05,overcast clouds
192,Biloela,AU,-24.4167,150.5,83.57,34,0,1.25,clear sky
193,Le Port,RE,-20.9373,55.2919,77.0,88,0,4.61,clear sky
194,Tougan,BF,13.0667,-3.0667,80.82,8,1,8.84,clear sky
195,Tocopilla,CL,-22.092,-70.1979,69.53,72,38,9.28,scattered clouds
196,Touros,BR,-5.1989,-35.4608,77.0,83,75,6.91,broken clouds
197,Ostrovnoy,RU,68.0531,39.5131,20.98,94,9,20.36,clear sky
198,Pirgos,GR,35.1167,25.7178,48.99,52,2,7.78,clear sky
199,Soure,BR,-0.7167,-48.5233,74.66,89,100,4.97,overcast clouds
200,Belaya Gora,RU,68.5333,146.4167,-4.38,87,95,4.07,overcast clouds
201,Turje,HU,46.9837,17.1074,50.0,70,8,3.44,clear sky
202,Sobolevo,RU,54.4299,31.8996,33.15,98,100,3.4,overcast clouds
203,Barrow,US,71.2906,-156.7887,-9.4,70,1,3.44,clear sky
204,Rawson,AR,-43.3002,-65.1023,59.72,65,9,8.01,clear sky
205,Salalah,OM,17.0151,54.0924,73.4,27,0,5.75,clear sky
206,Minggang,CN,32.4586,114.0486,59.58,79,1,4.88,clear sky
207,Shentala,RU,54.45,51.4833,30.96,98,100,5.59,overcast clouds
208,Haimen,CN,23.1935,116.6142,68.0,77,40,2.24,scattered clouds
209,Nemuro,JP,43.3236,145.575,37.4,44,20,4.61,few clouds
210,Ciudad Bolivar,VE,8.1222,-63.5497,81.64,61,97,15.9,overcast clouds
211,Antalaha,MG,-14.9003,50.2788,76.44,90,100,3.15,overcast clouds
212,Felanitx,ES,39.4696,3.1483,53.01,87,20,2.17,few clouds
213,Port Hedland,AU,-20.3167,118.5667,86.0,66,0,4.61,clear sky
214,Kiunga,PG,-6.1219,141.2906,75.27,95,100,2.77,overcast clouds
215,Yar-Sale,RU,66.8333,70.8333,2.48,93,84,12.55,broken clouds
216,Malumfashi,NG,11.7853,7.6218,71.28,12,2,12.62,clear sky
217,Campoverde,PE,-8.4753,-74.8058,80.6,78,20,2.3,few clouds
218,Huron,US,41.1501,-82.5499,51.01,84,100,5.17,overcast clouds
219,Saint Anthony,US,45.0205,-93.218,46.4,49,1,6.91,clear sky
220,Itarema,BR,-2.9248,-39.9167,76.06,88,100,8.1,overcast clouds
221,Canarana,BR,-11.6847,-41.7689,73.35,52,100,3.53,overcast clouds
222,Poum,NC,-20.2333,164.0167,80.76,72,1,9.28,clear sky
223,Ugoofaaru,MV,5.6667,73.0,83.3,75,100,12.35,overcast clouds
224,Juneau,US,58.3019,-134.4197,39.99,97,100,5.99,snow
225,Byron Bay,AU,-28.65,153.6167,79.0,69,32,3.44,scattered clouds
226,Ternate,ID,0.8,127.4,82.0,79,84,8.21,broken clouds
227,Hirara,JP,24.8,125.2833,75.2,83,20,19.57,few clouds
228,Sayyan,YE,15.1718,44.3244,53.8,13,27,4.14,scattered clouds
229,Broome,US,42.2506,-75.833,46.4,71,90,12.66,overcast clouds
230,Belmonte,BR,-15.8631,-38.8828,78.8,69,0,5.75,clear sky
231,Burns Lake,CA,54.2331,-125.7533,42.8,49,100,6.91,overcast clouds
232,Warrnambool,AU,-38.3833,142.4833,63.0,73,5,10.0,clear sky
233,Lokot,RU,52.565,34.5776,33.67,99,100,4.88,snow
234,Mayumba,GA,-3.432,10.6554,77.59,85,100,3.56,overcast clouds
235,Bontang,ID,0.1333,117.5,75.06,95,100,2.24,light rain
236,Andros Town,BS,24.7,-77.7667,77.0,78,20,8.05,few clouds
237,San Andres,CO,12.5847,-81.7006,78.8,83,40,11.5,scattered clouds
238,Nogales,MX,31.3086,-110.9422,62.6,27,90,14.97,overcast clouds
239,Port Hueneme,US,34.1478,-119.1951,62.6,63,1,16.11,clear sky
240,Repalle,IN,16.0167,80.85,78.8,89,17,1.14,mist
241,Andenes,NO,69.3143,16.1194,41.0,65,20,19.57,few clouds
242,Lamar,US,33.6668,-95.5836,71.6,46,1,8.05,clear sky
243,Karratha,AU,-20.7377,116.8463,84.61,58,1,2.53,clear sky
244,Mezhdurechensk,RU,53.6942,88.0603,14.54,95,75,3.09,broken clouds
245,Flagstaff,US,35.1981,-111.6513,33.8,80,90,8.05,light snow
246,Cache Creek,CA,50.8101,-121.3246,45.0,70,75,3.44,broken clouds
247,Doka,SD,13.5167,35.7667,81.43,36,73,16.55,broken clouds
248,Sabzevar,IR,36.2126,57.6819,62.35,50,66,3.24,broken clouds
249,Hailar,CN,49.2,119.7,34.74,68,100,2.35,overcast clouds
250,Lasa,IT,46.6166,10.7002,50.0,87,0,3.44,clear sky
251,Sochi,RU,43.6,39.7303,33.8,86,89,6.42,overcast clouds
252,Inirida,CO,3.8653,-67.9239,73.33,97,100,1.63,light rain
253,Portmore,JM,17.9702,-76.8672,82.4,51,75,21.85,broken clouds
254,Bataipora,BR,-22.2953,-53.2711,79.65,52,67,3.29,broken clouds
255,Hachinohe,JP,40.5,141.5,48.99,51,100,8.99,overcast clouds
256,Sandy Bay,AU,-42.913,147.3532,61.0,67,75,9.22,broken clouds
257,San Ramon,US,37.7799,-121.978,73.0,16,1,8.05,clear sky
258,Tabou,CI,4.423,-7.3528,77.88,89,15,7.34,few clouds
259,Moroto,UG,2.5345,34.6666,67.68,46,100,3.06,overcast clouds
260,Maroantsetra,MG,-15.4333,49.7333,75.97,90,85,3.58,overcast clouds
261,Ilulissat,GL,69.2167,-51.1,-13.0,48,18,7.67,few clouds
262,Armidale,AU,-30.5167,151.65,64.99,65,0,1.99,clear sky
263,Sao Filipe,CV,14.8961,-24.4956,70.0,77,0,14.99,clear sky
264,Maceio,BR,-9.6658,-35.7353,75.2,88,75,5.75,broken clouds
265,Sistranda,NO,63.7256,8.834,42.8,81,90,16.11,light intensity drizzle
266,Port Elizabeth,ZA,-33.918,25.5701,66.2,72,0,17.27,clear sky
267,Esmeraldas,BR,-19.7625,-44.3139,77.0,61,0,8.05,clear sky
268,Port Lincoln,AU,-34.7333,135.8667,66.58,54,55,9.64,broken clouds
269,Rosita,NI,13.9268,-84.4032,74.98,78,88,4.16,overcast clouds
270,Vacaria,BR,-28.5122,-50.9339,66.99,99,100,2.64,light rain
271,Harper,LR,4.375,-7.7169,77.9,89,5,7.31,clear sky
272,Fare,PF,-16.7,-151.0167,83.3,72,21,21.25,few clouds
273,Vallenar,CL,-28.5708,-70.7581,69.22,48,0,3.11,clear sky
274,Moctezuma,MX,29.8,-109.6667,66.22,29,0,19.22,clear sky
275,Aasiaat,GL,68.7098,-52.8699,-18.33,99,100,2.06,overcast clouds
276,Mitsamiouli,KM,-11.3847,43.2844,81.86,75,33,5.03,light rain
277,Havelock,US,34.8791,-76.9013,68.0,88,75,5.75,broken clouds
278,Vieques,PR,18.425,-65.8329,77.0,78,40,9.22,scattered clouds
279,Hukuntsi,BW,-24.0,21.75,68.61,66,6,7.05,clear sky
280,Alyangula,AU,-13.8483,136.4192,87.17,64,87,11.68,overcast clouds
281,Saint George,US,37.1041,-113.5841,59.0,25,1,20.71,clear sky
282,Malaga,ES,36.7202,-4.4203,57.99,87,0,8.05,clear sky
283,Coihaique,CL,-45.5752,-72.0662,53.6,76,0,3.44,clear sky
284,Ust-Tsilma,RU,65.441,52.1498,8.11,97,61,2.82,broken clouds
285,Nador,MA,35.174,-2.9287,51.8,71,0,3.44,clear sky
286,Ixtapa,MX,20.7,-105.2,73.4,73,40,13.8,scattered clouds
287,San Vicente,AR,-26.6167,-54.1333,68.16,84,100,2.93,moderate rain
288,North Bend,US,43.4065,-124.2243,57.0,71,1,17.27,clear sky
289,Antofagasta,CL,-23.65,-70.4,62.6,82,90,13.8,overcast clouds
290,Chaman,PK,30.9236,66.4512,66.7,23,0,5.82,clear sky
291,Mariana,BR,-20.3778,-43.4161,67.48,95,100,2.06,overcast clouds
292,Vila Velha,BR,-20.3297,-40.2925,77.0,83,0,3.44,clear sky
293,Lakatoro,VU,-16.0999,167.4164,84.15,71,20,7.65,few clouds
294,Douglas,US,41.3,-96.167,53.01,66,90,10.36,overcast clouds
295,Deputatskiy,RU,69.3,139.9,1.76,70,100,0.98,overcast clouds
296,Riyadh,SA,24.6877,46.7219,82.4,16,0,11.5,clear sky
297,Nipawin,CA,53.3668,-104.0009,26.6,54,90,2.3,overcast clouds
298,Boyolangu,ID,-8.1181,111.8935,80.89,82,96,1.01,overcast clouds
299,Concordia,AR,-31.393,-58.0209,72.0,97,4,7.11,clear sky
300,Merauke,ID,-8.4667,140.3333,83.03,75,85,4.92,light rain
301,Lamu,KE,-2.2717,40.902,80.6,78,20,9.66,few clouds
302,Margate,GB,51.3813,1.3862,41.0,74,93,1.99,overcast clouds
303,Gweta,BW,-20.1833,25.2333,74.05,37,3,1.57,clear sky
304,Basse,DE,52.5518,9.5069,52.0,58,99,6.91,overcast clouds
305,Pevek,RU,69.7008,170.3133,-18.6,93,53,4.74,broken clouds
306,Brazzaville,CG,-4.2658,15.2832,77.0,83,20,6.91,moderate rain
307,Teeli,RU,51.0333,90.2333,20.21,50,0,0.76,clear sky
308,Cidreira,BR,-30.1811,-50.2056,68.52,93,100,5.82,moderate rain
309,Ust-Ishim,RU,57.6935,71.1665,32.86,98,100,4.92,overcast clouds
310,Kahului,US,20.8947,-156.47,84.2,61,40,18.41,scattered clouds
311,Zarubino,RU,42.63,131.0922,40.08,89,100,8.32,overcast clouds
312,Ajaccio,FR,42.0,8.9167,46.4,87,0,4.61,clear sky
313,Les Herbiers,FR,46.8667,-1.0167,39.2,93,20,2.3,few clouds
314,Port Hawkesbury,CA,45.6169,-61.3485,46.4,100,90,8.05,heavy intensity rain
315,Ozernovskiy,RU,51.5,156.5167,26.98,89,100,21.56,overcast clouds
316,Regeneracao,BR,-6.2378,-42.6883,72.32,93,74,1.74,broken clouds
317,Matagami,CA,49.7502,-77.6328,28.4,54,1,10.36,clear sky
318,Bambanglipuro,ID,-7.95,110.2833,81.86,76,90,2.8,overcast clouds
319,Ndola,ZM,-12.9587,28.6366,59.74,97,69,2.39,broken clouds
320,Tecpan,GT,14.7623,-90.9947,69.8,68,40,11.5,scattered clouds
321,Padang,ID,-0.9492,100.3543,75.2,100,20,2.3,few clouds
322,Seybaplaya,MX,19.65,-90.6667,80.6,83,40,13.8,scattered clouds
323,Portoferraio,IT,42.8115,10.3146,52.0,94,100,1.99,overcast clouds
324,Hithadhoo,MV,-0.6,73.0833,82.54,72,10,8.61,clear sky
325,Dingle,PH,10.9995,122.6711,83.73,70,77,11.5,broken clouds
326,Merke,KZ,42.8728,73.1786,51.33,69,47,4.05,scattered clouds
327,Constitucion,CL,-35.3333,-72.4167,58.53,68,0,9.98,clear sky
328,Beringovskiy,RU,63.05,179.3167,4.78,82,91,11.03,overcast clouds
329,Carutapera,BR,-1.195,-46.02,73.33,95,100,1.68,overcast clouds
330,Bucerias,MX,20.75,-105.3333,73.4,73,40,13.8,scattered clouds
331,Upernavik,GL,72.7868,-56.1549,-32.93,85,4,5.01,clear sky
332,Clonakilty,IE,51.6231,-8.8706,37.0,87,75,11.5,broken clouds
333,El Colorado,AR,-26.3081,-59.3729,71.91,97,74,8.46,broken clouds
334,Emerald,AU,-23.5333,148.1667,84.0,54,0,3.44,clear sky
335,Gat,IL,31.61,34.7642,51.01,100,98,3.0,overcast clouds
336,Dali,CN,25.7,100.1833,57.4,39,0,4.38,clear sky
337,Hammerfest,NO,70.6634,23.6821,37.4,65,20,13.8,few clouds
338,Kutum,SD,14.2,24.6667,65.79,19,100,13.4,overcast clouds
339,Matamoros,MX,25.5333,-103.25,93.2,3,75,4.25,broken clouds
340,Chernyshevskiy,RU,63.0128,112.4714,10.96,93,99,4.99,overcast clouds
341,Portland,US,45.5234,-122.6762,57.0,47,40,2.46,scattered clouds
342,Bethel,US,41.3712,-73.414,68.0,37,75,19.57,broken clouds
343,Ormond Beach,US,29.2858,-81.0559,78.8,73,75,14.29,broken clouds
344,Suriapet,IN,17.15,79.6167,75.06,69,10,5.91,clear sky
345,Bridlington,GB,54.0831,-0.1919,37.99,81,100,11.01,light rain
346,Port-Gentil,GA,-0.7193,8.7815,80.91,74,100,8.28,overcast clouds
347,Somerset West,ZA,-34.084,18.8211,62.6,94,75,2.3,light rain
348,Atar,MR,20.5169,-13.0499,78.78,15,1,7.16,clear sky
349,Brae,GB,60.3964,-1.353,39.2,81,64,3.44,broken clouds
350,Mayo,US,38.8876,-76.5119,68.0,42,1,14.97,clear sky
351,Brindisi,IT,40.5833,17.6667,50.0,81,20,3.44,few clouds
352,Kangaatsiaq,GL,68.3065,-53.4641,-11.15,89,100,10.58,overcast clouds
353,San Ramon De La Nueva Oran,AR,-23.1322,-64.326,71.01,92,100,1.01,light rain
354,Axim,GH,4.8699,-2.2405,79.03,87,0,5.95,clear sky
355,Lauria,IT,40.0465,15.8358,42.87,88,7,0.2,clear sky
356,Sabalgarh,IN,26.25,77.4,73.08,25,0,0.89,clear sky
357,Mansa,IN,29.9833,75.3833,65.34,31,0,4.27,clear sky
358,Tagusao,PH,9.1924,117.8141,82.85,72,94,3.53,overcast clouds
359,Banjar,ID,-8.19,114.9675,82.4,78,20,2.3,few clouds
360,Hasanabad,IR,36.5465,61.0543,57.2,88,88,2.3,overcast clouds
361,Hami,CN,42.8,93.45,55.4,37,73,9.15,broken clouds
362,Egvekinot,RU,66.3167,-179.1667,-4.88,80,93,6.87,overcast clouds
363,Maragogi,BR,-9.0122,-35.2225,77.32,83,100,6.38,overcast clouds
364,Port Keats,AU,-14.25,129.55,86.77,63,36,9.86,scattered clouds
365,Lorengau,PG,-2.0226,147.2712,83.68,76,100,5.99,light rain
366,Aklavik,CA,68.2191,-135.0107,-2.2,71,93,8.05,overcast clouds
367,Mezen,RU,65.8522,44.24,6.08,98,83,1.79,broken clouds
368,Altay,CN,47.8667,88.1167,28.2,44,37,6.58,scattered clouds
369,Zyryanka,RU,65.75,150.85,1.2,81,24,14.05,few clouds
370,Lander,US,42.833,-108.7307,41.0,60,1,3.44,clear sky
371,Tungor,RU,53.3808,142.9564,20.98,84,56,6.91,broken clouds
372,Zambezi,ZM,-13.5432,23.1047,64.06,95,100,5.41,overcast clouds
373,Linqu,CN,36.5156,118.5397,51.12,87,100,3.11,overcast clouds
374,Hutchinson,US,38.0608,-97.9298,69.8,37,1,16.11,clear sky
375,Dubbo,AU,-32.25,148.6167,73.4,49,0,8.05,clear sky
376,Fort Nelson,CA,58.8053,-122.7002,39.2,52,75,5.75,broken clouds
377,Sambava,MG,-14.2667,50.1667,76.6,89,100,3.38,overcast clouds
378,Samfya,ZM,-11.3649,29.5565,64.22,94,100,3.4,overcast clouds
379,Burnie,AU,-41.0667,145.9167,64.0,53,0,7.0,clear sky
380,Inhambane,MZ,-23.865,35.3833,73.65,87,31,7.7,light rain
381,Beberibe,BR,-4.1797,-38.1306,77.0,88,75,2.3,broken clouds
382,Lyubim,RU,58.3625,40.6843,27.39,93,89,2.95,overcast clouds
383,Lillooet,CA,50.6856,-121.942,51.8,46,1,18.41,clear sky
384,San Cristobal,VE,7.7669,-72.225,71.6,100,75,3.44,broken clouds
385,Araouane,ML,18.9048,-3.5265,71.26,7,0,11.88,clear sky
386,Lagoa,PT,39.05,-27.9833,56.79,62,98,6.96,overcast clouds
387,Galle,LK,6.0367,80.217,77.16,85,100,6.4,overcast clouds
388,Roseburg,US,43.2165,-123.3417,62.01,33,1,10.36,clear sky
389,Coquimbo,CL,-29.9533,-71.3436,57.2,88,0,5.75,clear sky
390,Tecoanapa,MX,16.5167,-98.75,77.88,76,0,4.97,clear sky
391,Beipiao,CN,41.7919,120.7792,52.74,65,75,10.38,broken clouds
392,Massaguet,TD,12.4755,15.4365,80.6,13,71,10.36,dust
393,Ivybridge,GB,50.3904,-3.9191,42.01,82,82,8.99,broken clouds
394,Niquero,CU,20.0431,-77.5828,79.25,71,47,10.67,scattered clouds
395,Marrakesh,MA,31.6315,-8.0083,64.4,32,20,5.75,few clouds
396,Yinchuan,CN,38.4681,106.2731,52.27,17,100,9.04,overcast clouds
397,Naryan-Mar,RU,67.6713,53.087,17.38,89,97,10.38,overcast clouds
398,Hambantota,LK,6.1241,81.1185,73.4,100,75,4.61,moderate rain
399,Kirakira,SB,-10.4544,161.9205,85.75,71,22,9.31,few clouds
400,Dunedin,NZ,-45.8742,170.5036,68.0,54,100,1.01,overcast clouds
401,Joao Pinheiro,BR,-17.7425,-46.1725,68.9,57,3,4.45,clear sky
402,Shizuishan,CN,39.2333,106.7694,51.17,18,11,6.55,few clouds
403,Tiznit,MA,29.5833,-9.5,69.78,13,100,23.58,overcast clouds
404,Alta Floresta,BR,-9.8756,-56.0861,73.9,85,89,1.88,overcast clouds
405,Sao Joao Da Barra,BR,-21.6403,-41.0511,76.44,86,7,8.37,clear sky
406,Grindavik,IS,63.8424,-22.4338,17.6,57,75,10.36,broken clouds
407,Pemangkat,ID,1.1667,108.9667,73.89,93,100,10.89,moderate rain
408,Plettenberg Bay,ZA,-34.0527,23.3716,64.04,86,49,7.27,scattered clouds
409,Camacupa,AO,-12.0167,17.4833,61.61,97,100,3.85,moderate rain
410,Teluk Nibung,ID,3.001,99.8164,79.27,82,98,3.2,overcast clouds
411,Urengoy,RU,65.9667,78.3667,-0.2,97,14,9.28,few clouds
412,Xacmaz,AZ,41.4635,48.806,42.58,95,100,5.08,overcast clouds
413,Comodoro Rivadavia,AR,-45.8667,-67.5,57.2,88,0,1.14,clear sky
414,Sa Kaeo,TH,13.75,102.3333,83.98,65,100,10.13,overcast clouds
415,Atbasar,KZ,51.8,68.3333,26.74,97,100,4.34,overcast clouds
416,Salekhard,RU,66.53,66.6019,-8.81,98,66,3.2,broken clouds
417,Nishihara,JP,26.1842,127.7558,75.2,69,20,18.41,few clouds
418,Clovis,US,36.8252,-119.7029,70.0,26,20,4.16,few clouds
419,Camocim,BR,-2.9022,-40.8411,74.53,89,60,7.52,broken clouds
420,Opole,PL,50.5,18.0,46.0,62,95,4.0,overcast clouds
421,Fenoarivo,MG,-18.933,47.4354,64.4,100,75,5.75,broken clouds
